{
  "name": "Phishing URL Detector",
  "nodes": [
    {
      "parameters": {
        "path": "phishing-url",
        "method": "GET",
        "options": {
          "responseMode": "lastNode"
        }
      },
      "name": "Trigger",
      "type": "n8n-nodes-base.webhook",
      "typeVersion": 1,
      "position": [250, 300]
    },
    {
      "parameters": {
        "functionCode": "const url = $json[\"query\"]; return [{json: { url: url.trim().toLowerCase() }}];"
      },
      "name": "Normalize URL",
      "type": "n8n-nodes-base.function",
      "typeVersion": 1,
      "position": [450, 300]
    },
    {
      "parameters": {
        "url": "https://www.virustotal.com/api/v3/urls",
        "method": "POST",
        "bodyParametersUi": {
          "parameter": [
            {
              "name": "url",
              "value": "={{ $json.url }}"
            }
          ]
        },
        "headersUi": {
          "parameter": [
            {
              "name": "x-apikey",
              "value": "={{ $env.VT_API_KEY }}"
            }
          ]
        }
      },
      "name": "Submit to VirusTotal",
      "type": "n8n-nodes-base.httpRequest",
      "typeVersion": 1,
      "position": [650, 300]
    },
    {
      "parameters": {
        "url": "={{ $json.data.id }}",
        "method": "GET",
        "headersUi": {
          "parameter": [
            {
              "name": "x-apikey",
              "value": "={{ $env.VT_API_KEY }}"
            }
          ]
        }
      },
      "name": "Fetch VirusTotal Analysis",
      "type": "n8n-nodes-base.httpRequest",
      "typeVersion": 1,
      "position": [850, 300]
    },
    {
      "parameters": {
        "functionCode": "const malicious = $json.data.attributes.stats.malicious || 0; const suspicious = $json.data.attributes.stats.suspicious || 0; const score = malicious*2 + suspicious; return [{json: { score, malicious, suspicious, url: $node[\\\"Normalize URL\\\"].json.url }}];"
      },
      "name": "Calculate Score",
      "type": "n8n-nodes-base.function",
      "typeVersion": 1,
      "position": [1050, 300]
    },
    {
      "parameters": {
        "conditions": {
          "number": [
            {
              "value1": "={{ $json.score }}",
              "operation": "largerEqual",
              "value2": 2
            }
          ]
        }
      },
      "name": "IF High Risk?",
      "type": "n8n-nodes-base.if",
      "typeVersion": 1,
      "position": [1250, 300]
    },
    {
      "parameters": {
        "url": "={{ $env.SLACK_WEBHOOK_URL }}",
        "method": "POST",
        "jsonParameters": true,
        "options": {
          "bodyContentType": "json"
        },
        "bodyParametersJson": "{\"text\": \"⚠️ Phishing alert: {{ $json.url }} scored {{ $json.score }} (malicious: {{ $json.malicious }}, suspicious: {{ $json.suspicious }}).\"}"
      },
      "name": "Slack Alert (High)",
      "type": "n8n-nodes-base.httpRequest",
      "typeVersion": 1,
      "position": [1450, 200]
    },
    {
      "parameters": {
        "url": "={{ $env.SLACK_WEBHOOK_URL }}",
        "method": "POST",
        "jsonParameters": true,
        "options": {
          "bodyContentType": "json"
        },
        "bodyParametersJson": "{\"text\": \"✅ URL checked: {{ $json.url }} scored {{ $json.score }} (no immediate risk).\"}"
      },
      "name": "Slack Alert (Info)",
      "type": "n8n-nodes-base.httpRequest",
      "typeVersion": 1,
      "position": [1450, 400]
    }
  ],
  "connections": {
    "Trigger": {
      "main": [
        [
          {
            "node": "Normalize URL",
            "type": "main",
            "index": 0
          }
        ]
      ]
    },
    "Normalize URL": {
      "main": [
        [
          {
            "node": "Submit to VirusTotal",
            "type": "main",
            "index": 0
          }
        ]
      ]
    },
    "Submit to VirusTotal": {
      "main": [
        [
          {
            "node": "Fetch VirusTotal Analysis",
            "type": "main",
            "index": 0
          }
        ]
      ]
    },
    "Fetch VirusTotal Analysis": {
      "main": [
        [
          {
            "node": "Calculate Score",
            "type": "main",
            "index": 0
          }
        ]
      ]
    },
    "Calculate Score": {
      "main": [
        [
          {
            "node": "IF High Risk?",
            "type": "main",
            "index": 0
          }
        ]
      ]
    },
    "IF High Risk?": {
      "main": [
        [
          {
            "node": "Slack Alert (High)",
            "type": "main",
            "index": 0
          },
          {
            "node": "Slack Alert (Info)",
            "type": "main",
            "index": 1
          }
        ]
      ]
    }
  },
  "active": false,
  "versionId": "1",
  "id": "phishingUrlDetector"
}
